{
  "generatedAt": "2026-03-02T18:08:42.634Z",
  "source": "live bets (plinko-master.json)",
  "alpha": 0.01,
  "configsTested": 27,
  "configsPassed": 27,
  "note": "Slots with expected count < 5 pooled. Configs with n < 100 excluded.",
  "results": [
    {
      "config": "10r/high",
      "n": 200,
      "chi2": 8.709448773448774,
      "df": 8,
      "pValue": 0.36729365432690864,
      "pass": true,
      "observed": [
        1,
        1,
        10,
        14,
        48,
        59,
        37,
        20,
        7,
        3,
        0
      ],
      "expected": [
        0.1953125,
        1.953125,
        8.7890625,
        23.4375,
        41.015625,
        49.21875,
        41.015625,
        23.4375,
        8.7890625,
        1.953125,
        0.1953125
      ]
    },
    {
      "config": "10r/low",
      "n": 200,
      "chi2": 8.190614718614718,
      "df": 8,
      "pValue": 0.4152943037568785,
      "pass": true,
      "observed": [
        1,
        2,
        11,
        22,
        38,
        47,
        43,
        21,
        15,
        0,
        0
      ],
      "expected": [
        0.1953125,
        1.953125,
        8.7890625,
        23.4375,
        41.015625,
        49.21875,
        41.015625,
        23.4375,
        8.7890625,
        1.953125,
        0.1953125
      ]
    },
    {
      "config": "10r/medium",
      "n": 200,
      "chi2": 3.1282424242424245,
      "df": 8,
      "pValue": 0.9258819451610157,
      "pass": true,
      "observed": [
        0,
        2,
        7,
        25,
        44,
        47,
        38,
        28,
        6,
        3,
        0
      ],
      "expected": [
        0.1953125,
        1.953125,
        8.7890625,
        23.4375,
        41.015625,
        49.21875,
        41.015625,
        23.4375,
        8.7890625,
        1.953125,
        0.1953125
      ]
    },
    {
      "config": "11r/high",
      "n": 116,
      "chi2": 4.2832055575236225,
      "df": 7,
      "pValue": 0.7484124561002243,
      "pass": true,
      "observed": [
        0,
        2,
        4,
        10,
        23,
        25,
        20,
        17,
        11,
        3,
        1,
        0
      ],
      "expected": [
        0.056640625,
        0.623046875,
        3.115234375,
        9.345703125,
        18.69140625,
        26.16796875,
        26.16796875,
        18.69140625,
        9.345703125,
        3.115234375,
        0.623046875,
        0.056640625
      ]
    },
    {
      "config": "11r/low",
      "n": 200,
      "chi2": 7.4264935064935065,
      "df": 9,
      "pValue": 0.5939580759560523,
      "pass": true,
      "observed": [
        0,
        0,
        4,
        11,
        37,
        52,
        50,
        25,
        16,
        4,
        1,
        0
      ],
      "expected": [
        0.09765625,
        1.07421875,
        5.37109375,
        16.11328125,
        32.2265625,
        45.1171875,
        45.1171875,
        32.2265625,
        16.11328125,
        5.37109375,
        1.07421875,
        0.09765625
      ]
    },
    {
      "config": "11r/medium",
      "n": 200,
      "chi2": 6.761558441558441,
      "df": 9,
      "pValue": 0.6632996431951266,
      "pass": true,
      "observed": [
        0,
        1,
        6,
        21,
        35,
        47,
        40,
        24,
        19,
        7,
        0,
        0
      ],
      "expected": [
        0.09765625,
        1.07421875,
        5.37109375,
        16.11328125,
        32.2265625,
        45.1171875,
        45.1171875,
        32.2265625,
        16.11328125,
        5.37109375,
        1.07421875,
        0.09765625
      ]
    },
    {
      "config": "12r/high",
      "n": 250,
      "chi2": 8.622264482072076,
      "df": 8,
      "pValue": 0.37510408280225405,
      "pass": true,
      "observed": [
        0,
        1,
        0,
        11,
        37,
        45,
        52,
        49,
        30,
        17,
        6,
        2,
        0
      ],
      "expected": [
        0.06103515625,
        0.732421875,
        4.0283203125,
        13.427734375,
        30.21240234375,
        48.33984375,
        56.396484375,
        48.33984375,
        30.21240234375,
        13.427734375,
        4.0283203125,
        0.732421875,
        0.06103515625
      ]
    },
    {
      "config": "12r/low",
      "n": 200,
      "chi2": 8.59795758671708,
      "df": 8,
      "pValue": 0.37730036917937926,
      "pass": true,
      "observed": [
        0,
        0,
        7,
        9,
        21,
        37,
        40,
        46,
        20,
        16,
        4,
        0,
        0
      ],
      "expected": [
        0.048828125,
        0.5859375,
        3.22265625,
        10.7421875,
        24.169921875,
        38.671875,
        45.1171875,
        38.671875,
        24.169921875,
        10.7421875,
        3.22265625,
        0.5859375,
        0.048828125
      ]
    },
    {
      "config": "12r/medium",
      "n": 186,
      "chi2": 5.550372141960545,
      "df": 8,
      "pValue": 0.6990581289988336,
      "pass": true,
      "observed": [
        0,
        0,
        1,
        9,
        26,
        32,
        47,
        38,
        22,
        10,
        1,
        0,
        0
      ],
      "expected": [
        0.04541015625,
        0.544921875,
        2.9970703125,
        9.990234375,
        22.47802734375,
        35.96484375,
        41.958984375,
        35.96484375,
        22.47802734375,
        9.990234375,
        2.9970703125,
        0.544921875,
        0.04541015625
      ]
    },
    {
      "config": "13r/high",
      "n": 150,
      "chi2": 9.369514633514633,
      "df": 9,
      "pValue": 0.4039776570383091,
      "pass": true,
      "observed": [
        0,
        0,
        0,
        4,
        17,
        18,
        27,
        36,
        25,
        18,
        5,
        0,
        0,
        0
      ],
      "expected": [
        0.018310546875,
        0.238037109375,
        1.42822265625,
        5.23681640625,
        13.092041015625,
        23.565673828125,
        31.4208984375,
        31.4208984375,
        23.565673828125,
        13.092041015625,
        5.23681640625,
        1.42822265625,
        0.238037109375,
        0.018310546875
      ]
    },
    {
      "config": "13r/low",
      "n": 200,
      "chi2": 11.014916523090438,
      "df": 9,
      "pValue": 0.27410118238755643,
      "pass": true,
      "observed": [
        0,
        0,
        4,
        12,
        15,
        32,
        35,
        42,
        31,
        14,
        12,
        2,
        1,
        0
      ],
      "expected": [
        0.0244140625,
        0.3173828125,
        1.904296875,
        6.982421875,
        17.4560546875,
        31.4208984375,
        41.89453125,
        41.89453125,
        31.4208984375,
        17.4560546875,
        6.982421875,
        1.904296875,
        0.3173828125,
        0.0244140625
      ]
    },
    {
      "config": "13r/medium",
      "n": 150,
      "chi2": 8.043525556569035,
      "df": 9,
      "pValue": 0.530609714634847,
      "pass": true,
      "observed": [
        0,
        0,
        0,
        3,
        13,
        27,
        36,
        28,
        18,
        14,
        8,
        2,
        1,
        0
      ],
      "expected": [
        0.018310546875,
        0.238037109375,
        1.42822265625,
        5.23681640625,
        13.092041015625,
        23.565673828125,
        31.4208984375,
        31.4208984375,
        23.565673828125,
        13.092041015625,
        5.23681640625,
        1.42822265625,
        0.238037109375,
        0.018310546875
      ]
    },
    {
      "config": "14r/high",
      "n": 200,
      "chi2": 9.3153190072339,
      "df": 8,
      "pValue": 0.31598358363555046,
      "pass": true,